waveform_id,mass1,mass2,mass_ratio,symmetric_mass_ratio,delta,chi1z,chi2z,chi_s,chi_a,massf,chifz
SXS:BBH:0001,0.5,0.5,1.0,0.25,0.0,1.20930921804e-07,1.22196915414e-07,1.2156391860900002e-07,-6.329968049999979e-10,0.9516091058879218,0.686461676493
SXS:BBH:0002,0.5,0.5,1.0,0.25,0.0,9.48400673307e-08,9.3147982293e-08,9.399402481185e-08,8.460425188500053e-10,0.9516093481020814,0.686447876542
SXS:BBH:0007,0.5999998847780391,0.4000001152219609,1.4999992798629518,0.24000002304437892,0.199999769556078,8.64427645114e-08,1.55363889098e-07,1.1401122228726712e-07,-1.027992479379678e-08,0.9552692996381523,0.664090940995
SXS:BBH:0014,0.6001085460934816,0.3998914539065183,1.500678597231957,0.23997827899904925,0.2002170921869634,-0.499520000002,2.1691434624e-07,-0.2997661342036228,-0.29976630768800944,0.9624226210504427,0.540290671657
SXS:BBH:0019,0.5999942938100944,0.4000057061899056,1.4999643368218423,0.24000114120542052,0.1999885876201888,-0.499517,0.499464999999,-0.09991849961939572,-0.4994961997028782,0.9591381122974609,0.586755043515
SXS:BBH:0036,0.7500825267459538,0.24991747325404612,3.00132086396168,0.18745872981635925,0.5001650534919078,-0.499548000001,2.06568101878e-07,-0.37470217444665976,-0.3747022776966159,0.9771880567230657,0.316347247759
SXS:BBH:0045,0.7499877735567301,0.25001222644327,2.9998043864743114,0.18750611307214907,0.4999755471134601,0.499544,-0.499371000002,0.24980303682192095,0.4995007478853254,0.9623600516032473,0.741007150125
SXS:BBH:0046,0.7499867401744628,0.2500132598255373,2.999787854043477,0.18750662973694568,0.4999734803489254,-0.499535000001,-0.499355000001,-0.4994899976142314,-0.24979925489336904,0.977955134475529,0.299259423129
SXS:BBH:0047,0.7499879617350373,0.25001203826496265,2.9998073970350196,0.1875060189875615,0.4999759234700747,0.499546,0.499386000001,0.4995059980741276,0.24980097459165435,0.9581655759852987,0.768616541298
SXS:BBH:0055,0.8333329623616891,0.16666703763831092,4.999986645050533,0.13888913620318077,0.6666659247233782,2.96839923684e-07,3.70835704136e-07,3.0917258120966967e-07,1.855604046919412e-07,0.9823677715824113,0.416617559621
SXS:BBH:0056,0.8333330091016073,0.16666699089839263,4.9999883276805726,0.13888910504326774,0.6666660182032147,2.32159011654e-07,2.69647768421e-07,2.3840714993687764e-07,1.4852438560648828e-07,0.9823679493322591,0.416614481622
SXS:BBH:0063,0.888888509670408,0.11111149032959206,7.9999692834078795,0.09876572704632902,0.7777770193408159,2.0682688609e-07,4.29282215789e-07,2.3154422930461667e-07,1.36147855768006e-07,0.9894244844238309,0.306743698866
SXS:BBH:0064,0.8889316457546015,0.11106835424539847,8.003464639356801,0.09873217493061716,0.7778632915092031,-0.499559,4.97758467292e-07,-0.44407374873630917,-0.44407385930673676,0.9918672341670564,-0.0525784183851
SXS:BBH:0066,0.5,0.5,1.0,0.25,0.0,1.20916716917e-07,1.2219203119e-07,1.215543740535e-07,-6.376571364999901e-10,0.9516091150455475,0.686460407304
SXS:BBH:0067,0.5,0.5,1.0,0.25,0.0,1.2089943421e-07,1.22175940602e-07,1.2153768740599998e-07,-6.382531959999962e-10,0.9516063972290024,0.686467942181
SXS:BBH:0070,0.5,0.5,1.0,0.25,0.0,1.20921763909e-07,1.22190264669e-07,1.21556014289e-07,-6.342503800000083e-10,0.9516089724114489,0.686459511967
SXS:BBH:0072,0.5,0.5,1.0,0.25,0.0,1.20945405263e-07,1.22204953013e-07,1.2157517913800003e-07,-6.29773875e-10,0.9516094471454383,0.686458992376
SXS:BBH:0110,0.8333936661351511,0.16660633386484894,5.0021727674003085,0.1388486633809634,0.6667873322703022,0.49955,5.35882219171e-07,0.4163218951991866,0.4163217166364428,0.974498030740475,0.706723986694
SXS:BBH:0149,0.5000000021800953,0.4999999978199047,1.0000000087203813,0.25,0.0,-0.199980174996,-0.199980162465,-0.1999801687305,-7.1374516436018e-09,0.9564806340169839,0.624220099484
SXS:BBH:0150,0.5,0.5,1.0,0.25,0.0,0.20003497356,0.20003497599,0.20003497477499999,-1.2150000033850361e-09,0.9455077006241731,0.746430981675
SXS:BBH:0152,0.5,0.5,1.0,0.25,0.0,0.599963312828,0.599963311736,0.5999633122820001,5.459999674606308e-10,0.92685007834055,0.857807828792
SXS:BBH:0153,0.5000000003564614,0.4999999996435387,1.0000000014258454,0.25,0.0,0.849825672617,0.849825668474,0.8498256705455001,2.6773600558804844e-09,0.9060693100072139,0.91908645144
SXS:BBH:0155,0.5000000124375451,0.4999999875624549,1.0000000497501818,0.24999999999999983,2.5809568279517847e-08,0.799873613923,0.799873563675,0.7998735887990006,4.50209277635949e-08,0.9112055833226324,0.907524193263
SXS:BBH:0156,0.5000023099907233,0.4999976900092768,1.0000092400055816,0.24999999999466394,4.6199848152373356e-06,-0.949046933081,-0.949046999999,-0.9490469665398454,-4.35112037722174e-06,0.9682638673112004,0.375665735812
SXS:BBH:0157,0.5000000067305359,0.499999993269464,1.0000000269221443,0.2499999999999999,2.1073424255447017e-08,0.949586305767,0.949586327518,0.9495863166424997,1.9069497092516485e-09,0.893508054007751,0.940850794894
SXS:BBH:0158,0.5000000020415125,0.4999999979584875,1.00000000816605,0.25,0.0,0.969503999999,0.969504000001,0.969504,3.957509098206913e-09,0.8904782003223969,0.944962777322
SXS:BBH:0160,0.5000000009743525,0.4999999990256476,1.0000000038974097,0.25,0.0,0.899737307658,0.899737301628,0.8997373046430002,4.7683224591033024e-09,0.9002300000618729,0.930211070316
SXS:BBH:0176,0.5000000089345633,0.49999999106543686,1.0000000357382535,0.25,0.0,0.959555089678,0.959555155081,0.9595551223794996,-1.5555088161978148e-08,0.892011212565926,0.942909840271
SXS:BBH:0180,0.5000000001355,0.49999999986449994,1.000000000542,0.24999999999999994,1.4901161193847656e-08,-3.67050658542e-09,-2.1572848954e-09,-2.9138957406150415e-09,-7.566108457996658e-10,0.9516148549027833,0.686429826547
SXS:BBH:0181,0.8571418084157427,0.14285819158425725,5.999948612748633,0.12244972868153291,0.7142836168314854,-4.34440583246e-06,-9.28140729749e-06,-5.0496969336030145e-06,-2.3978468098503152e-06,0.9854365644584824,0.372483068145
SXS:BBH:0185,0.9090041203181484,0.09099587968185166,9.989508574413412,0.08271562956277763,0.8180082406362967,1.2811356145e-05,-1.43388986515e-05,1.0340794826206069e-05,1.2950356219130388e-05,0.9917306234444406,0.260847097572
SXS:BBH:0188,0.8778612998446423,0.12213870015535769,7.187413151834942,0.1072208380797173,0.7557225996892847,1.55253061236e-06,-2.44547691377e-05,-1.6239671736630871e-06,4.349780256492983e-06,0.9880194839456902,0.330594648834
SXS:BBH:0189,0.9016454697387013,0.0983545302612987,9.16729984214553,0.08868091663837797,0.8032909394774026,1.18264398763e-05,-6.78784793694e-06,9.995640342280162e-06,1.133087153292588e-05,0.9908803919732653,0.278100977487
SXS:BBH:0191,0.714888896638407,0.28511110336159295,2.5074046159884107,0.203822762101528,0.42977779327681415,-4.65916814044e-05,6.04868629585e-05,-1.60623994747403e-05,-5.055335194869911e-05,0.9667732424266557,0.580102908705
SXS:BBH:0192,0.8680697917988056,0.1319302082011944,6.579765192782792,0.11452462836518389,0.7361395835976112,2.50980216757e-05,-5.07105242186e-05,1.5096584432435204e-05,2.847708446873842e-05,0.9868173761787713,0.350818591644
SXS:BBH:0194,0.6027827464995398,0.3972172535004601,1.5175140082348955,0.2394357070220113,0.20556549299907992,3.19251523287e-05,-8.56914900576e-05,-1.4794207325931892e-05,5.328206933215182e-05,0.9554700258254128,0.662799939962
SXS:BBH:0195,0.8858560555672895,0.11414394443271035,7.760867735646857,0.10111510438205268,0.7717121111345793,1.31920507257e-05,-4.00789427319e-05,7.111489408600426e-06,1.6261026632823977e-05,0.989021225971902,0.313432822616
SXS:BBH:0196,0.9062161456147185,0.09378385438528147,9.66281618040366,0.0849884430419218,0.812432291229437,1.67300203258e-06,-2.73073909536e-05,-1.0448909232641376e-06,4.0770938304046126e-06,0.9914198242118162,0.267427369325
SXS:BBH:0197,0.8466817755103496,0.15331822448965043,5.52238181943924,0.12981174652899158,0.6933635510206991,-3.70291220576e-05,-1.52420333188e-05,-3.3688764295368734e-05,-2.901500132326771e-05,0.9840767313183071,0.392396694178
SXS:BBH:0198,0.5459625646660807,0.4540374353339191,1.202461564131944,0.24788744264931628,0.0919251293321629,-5.04190424195e-05,8.54380825816e-05,1.1265178187839112e-05,-6.631899760255538e-05,0.9524056376041612,0.681750207816
SXS:BBH:0199,0.8972120903193819,0.10278790968061809,8.728770660938562,0.0922225553041072,0.7944241806387639,-1.11252347674e-06,-3.31258564929e-05,-4.403107059380603e-06,2.4067680311900396e-06,0.990369225955267,0.288243788235
SXS:BBH:0200,0.7659448511319645,0.23405514886803552,3.2724973359326435,0.1792733361563973,0.5318897022639288,-5.02970994357e-05,-1.09455792359e-05,-4.108667351715231e-05,-3.59629351621414e-05,0.9733228535780268,0.520263643681
SXS:BBH:0201,0.6984501201290039,0.30154987987099613,2.3162009562988475,0.21061754982078393,0.39690024025800774,6.22617712351e-05,-4.15578818604e-05,3.0954967315903486e-05,5.601851588129682e-05,0.9647860908874674,0.596285137586
SXS:BBH:0202,0.8749952682797916,0.12500473172020843,6.999697181369485,0.10937854876776715,0.7499905365595831,0.600008862767,-1.70983203915e-05,0.5250027784761104,0.5250070532180173,0.9797994039097327,0.737040767751
SXS:BBH:0208,0.8333356991998191,0.1666643008001809,5.000085172402526,0.13888731163896773,0.6666713983996382,-0.899959478954,-2.85313334399e-06,-0.7499688371611103,-0.7499678861301625,0.9882092283954835,-0.128169181908
SXS:BBH:0209,0.5000372525782687,0.4999627474217313,1.0001490214159388,0.2499999986122454,7.450515702084211e-05,-0.899729295006,-0.500003348036,-0.6998812123431255,-0.19991511713484014,0.9651542931628518,0.460643536111
SXS:BBH:0210,0.5000413254909648,0.49995867450903525,1.000165315627358,0.24999999829220376,8.265098275906587e-05,-0.899697323271,-8.80018021692e-06,-0.4498902417955406,-0.44988144234266725,0.9612079626864891,0.543329758302
SXS:BBH:0211,0.5000018430452772,0.4999981569547227,1.0000073722082836,0.24999999999660313,3.6861178069718523e-06,-0.899685955589,0.89978825606,4.783372305272593e-05,-0.8997371056359555,0.9509501850894669,0.683515731462
SXS:BBH:0212,0.5,0.5,1.0,0.25,0.0,-0.799862764462,-0.79986276568,-0.799862765071,6.090000170821952e-10,0.9665029240562609,0.426852256758
SXS:BBH:0213,0.5000009331546585,0.4999990668453414,1.0000037326256006,0.2499999999991292,1.8663369785381648e-06,-0.79984246617,0.799896216638,2.5382430395626265e-05,-0.7998693413538425,0.9510942884497516,0.684135542002
SXS:BBH:0214,0.5000055594248947,0.4999944405751052,1.0000222379468393,0.24999999996909275,1.1118857671965982e-05,-0.624943094889,-0.249991599977,-0.43746943194767507,-0.18748061158972384,0.9610850130967576,0.547769643033
SXS:BBH:0215,0.5000000315785778,0.49999996842142225,1.000000126314319,0.249999999999999,6.322027276634104e-08,-0.599956872698,-0.599956970486,-0.599956921591997,1.1002427413586702e-08,0.963732073844763,0.494212734663
SXS:BBH:0216,0.5000046061980802,0.4999953938019198,1.0000184249620587,0.24999999997878292,9.21240113011863e-06,-0.5999577114,6.12476786775e-06,-0.2999785568683364,-0.2999846815797804,0.9585027268449625,0.592150451131
SXS:BBH:0217,0.500000557180331,0.49999944281966896,1.0000022287238077,0.24999999999968953,1.1144036411218784e-06,-0.599969375919,0.599983044885,6.165893112974885e-06,-0.5999762103943839,0.9513258984260071,0.685149757623
SXS:BBH:0219,0.5,0.5,1.0,0.25,0.0,-0.49997637681,0.899800287425,0.19991195530749997,-0.6998883321175,0.9449737317489777,0.744055534762
SXS:BBH:0220,0.5,0.5,1.0,0.25,0.0,-0.40000233413,-0.799860789321,-0.5999315617255,0.1999292275955,0.9637110356651375,0.494138364274
SXS:BBH:0221,0.5,0.5,1.0,0.25,0.0,-0.400001421475,0.799916096272,0.1999573373985,-0.5999587588735,0.9451165147020101,0.744674418318
SXS:BBH:0224,0.5,0.5,1.0,0.25,0.0,0.400002613238,-0.799832698385,-0.1999150425735,0.5999176558115,0.9562443517526201,0.623231785726
SXS:BBH:0225,0.5,0.5,1.0,0.25,0.0,0.400011354106,0.799907395909,0.5999593750075,-0.19994802090149996,0.9267276124720449,0.857390604606
SXS:BBH:0226,0.5,0.5,1.0,0.25,0.0,0.500006785023,-0.899703034225,-0.199848124601,0.699854909624,0.9561586630735024,0.622857568162
SXS:BBH:0228,0.5,0.5,1.0,0.25,0.0,0.599991103591,0.599991112831,0.5999911082110001,-4.619999993682455e-09,0.9268310399419989,0.857810953343
SXS:BBH:0229,0.5000064723073646,0.49999352769263533,1.000025889564589,0.24999999995810926,1.2944611369388746e-05,0.649960086792,0.249998882042,0.4499820730888511,0.19998642718606185,0.935146552100623,0.817298505478
SXS:BBH:0230,0.5000000318447019,0.49999996815529807,1.0000001273788157,0.24999999999999895,6.495265578539184e-08,0.799875676879,0.799875899098,0.7998757879884928,-6.016588799395706e-08,0.911185572536946,0.907522920821
SXS:BBH:0232,0.5000430544548011,0.49995694554519904,1.0001722326499698,0.249999998146314,8.610890802337967e-05,0.899805253084,0.50001649341,0.6999280859340835,0.19995464839911398,0.9196898881217497,0.882786723975
SXS:BBH:0233,0.6666375517742236,0.33336244822577643,1.9997379888532913,0.22223192633869293,0.3332751035484473,-0.871278761122,0.849690979699,-0.29757207499943156,-0.8640822054550659,0.9692396025369121,0.389877236144
SXS:BBH:0234,0.6666379451341522,0.33336205486584775,1.9997415284784645,0.22223179524146727,0.33327589026830445,-0.849871883914,-0.849608828599,-0.8497841912536481,-0.2833295013857912,0.9740135295014845,0.28539550044
SXS:BBH:0235,0.6666606483765809,0.3333393516234191,1.9999458363671456,0.22222422828269764,0.33332129675316197,-0.600036651953,-0.5998786758,-0.5999839922845871,-0.2000576545968126,0.9712753515437178,0.387705563983
SXS:BBH:0239,0.6666020009241379,0.333397999075862,1.9994181212001159,0.2222437732880735,0.3332040018482762,-0.371315271613,0.849659288808,0.03575520375389163,-0.5307942098157227,0.9630091174790618,0.554318008521
SXS:BBH:0243,0.6666292326169515,0.33337076738304855,1.9996631313836328,0.2222346988374859,0.33325846523390285,-0.128717085261,-0.8495389662,-0.36901802885612695,0.1974048853116646,0.9668936124068745,0.529185961469
SXS:BBH:0244,0.6666620864807268,0.3333379135192733,1.9999587788929418,0.2222237489298908,0.3333241729614532,-5.83816592072e-05,-0.599874721154,-0.1999999087611695,0.19992206708369095,0.9640839841837283,0.587011833544
SXS:BBH:0248,0.6666184297895231,0.33338157021047693,1.9995659309201184,0.22223829885447377,0.33323685957904614,0.128673834147,0.849670254084,0.3690407527417295,-0.19748805419358811,0.9531413166486302,0.711587466854
SXS:BBH:0252,0.6666044207078795,0.3333955792921205,1.9994398909644873,0.2222429670005919,0.33320884141575896,0.37145859092,-0.849439893697,-0.03558356661575679,0.5308154442501404,0.9586163718111391,0.69059746139
SXS:BBH:0254,0.6666617187092116,0.33333828129078835,1.9999554690439165,0.22222387151689163,0.3333234374184232,0.600021501444,-0.599900674092,0.20004150576812613,0.5999812250621515,0.9512085455332809,0.775512784747
SXS:BBH:0256,0.6666618976204799,0.33333810237952,1.9999570791983936,0.2222238118815406,0.3333237952409602,0.59992834899,0.599985848278,0.59994751569355,0.1999512274544398,0.939584404660319,0.838562812514
SXS:BBH:0257,0.6666416034608135,0.33335839653918653,1.9997744481064819,0.22223057599600896,0.3332832069216272,0.849845342039,0.84976984727,0.849820175223859,0.28326434779730575,0.9197581154599503,0.917554144526
SXS:BBH:0258,0.6666295036287598,0.3333704963712403,1.9996655699441483,0.22223460852043317,0.33325900725751934,0.871258476436,-0.849486399889,0.2976129028872664,0.864000308470494,0.943650413745301,0.841632673755
SXS:BBH:0260,0.7499518743350434,0.2500481256649566,2.9992301375612618,0.18752406051639867,0.4999037486700868,-0.850025099674,-0.849396984822,-0.849868040732555,-0.42508779273214164,0.9809527475864074,0.124471496071
SXS:BBH:0262,0.7499983792622507,0.2500016207377493,2.999974068364125,0.18750081036624786,0.49999675852450143,-0.599953930645,-4.88473555518e-05,-0.44997668753382347,-0.44995226369771,0.9780541080832736,0.270613474329
SXS:BBH:0263,0.74997944147528,0.25002055852472,2.999671090652044,0.18751027883970706,0.49995888295056,-0.60001710568,0.599845512278,-0.3000267837852081,-0.5999742038017928,0.9770877213687713,0.291156488754
SXS:BBH:0264,0.7499827858934788,0.2500172141065212,2.9997245932591845,0.18750860675693515,0.49996557178695755,-0.600035049386,-0.599833696756,-0.5999847077623943,-0.30004720818209246,0.9789212898286596,0.249532268577
SXS:BBH:0265,0.7499996308727246,0.25000036912727547,2.999994093972313,0.18750018456350148,0.49999926174544906,-0.599958958593,-0.400035500741,-0.5499780203327987,-0.34995997463426975,0.9786426923863413,0.256612305183
SXS:BBH:0266,0.7499986149335469,0.25000138506645314,2.9999778390595275,0.18750069253130816,0.4999972298670937,-0.599972302918,0.399920723315,-0.34999766144146266,-0.5499591309325182,0.9774228400633066,0.28435493428
SXS:BBH:0268,0.749980099202474,0.250019900797526,2.9996816125842383,0.18750995000272125,0.49996019840494804,-0.400039351712,-0.599839274216,-0.44999330851580344,-0.15004979684791483,0.9772195546500223,0.341246943449
SXS:BBH:0269,0.7499921377860916,0.2500078622139083,2.9998742085334644,0.18750393104513974,0.49998427557218345,-0.400019796971,0.599962415787,-0.15001638170743878,-0.4500070236666385,0.9751096990377781,0.381683694976
SXS:BBH:0270,0.749995720342955,0.25000427965704497,2.99993152665945,0.18750213981020702,0.49999144068591006,-0.299964616889,-0.299928487243,-0.2999555843228775,-0.14998877351925066,0.9757207755457954,0.396917497982
SXS:BBH:0273,0.7499560162001772,0.25004398379982284,2.9992963829938324,0.18752198996533678,0.49991203240035426,-0.268723451925,-0.849320915947,-0.4138983548131352,0.01083681588266952,0.9763363059100874,0.392383716736
SXS:BBH:0274,0.7499541177037434,0.25004588229625657,2.9992660179670194,0.18752293904294318,0.49990823540748686,-0.231337470049,0.849650153905,0.03895903413391197,-0.38594401061873984,0.9725273721970872,0.465066285678
SXS:BBH:0275,0.749992041028382,0.250007958971618,2.999872660508078,0.18750397942246377,0.499984082056764,-2.97878523957e-05,-0.59979908147,-0.149976884803582,0.14993220349914982,0.9726449236055236,0.521343385042
SXS:BBH:0278,0.7499890964938652,0.2500109035061347,2.9998255515102454,0.18750545163418092,0.49997819298773055,6.19732756504e-05,0.599854872916,0.15001673803129859,-0.14992377946927496,0.9697066887356693,0.559132048779
SXS:BBH:0279,0.749953591246574,0.250046408753426,2.999257597761034,0.18752320222294058,0.4999071824931481,0.23135178926,-0.849381937063,-0.038881797825774084,0.3858880082194892,0.9695570284710916,0.61522324578
SXS:BBH:0284,0.7499908546390625,0.2500091453609376,2.999853679577611,0.18750457259683118,0.4999817092781248,0.400035094305,-0.59981035359,0.1500645883837472,0.4499807361431026,0.9653659716510816,0.695734386874
SXS:BBH:0285,0.7499871815927468,0.2500128184072532,2.9997949159993498,0.18750640903931504,0.4999743631854936,0.399970909169,0.599878208765,0.44995029656117913,0.1499958132123146,0.9608561822945829,0.730046325206
SXS:BBH:0287,0.7499935752091347,0.25000642479086527,2.9998972059878755,0.1875032123541547,0.4999871504182694,0.600009437459,-0.599806193362,0.3000478211892451,0.5999586251289492,0.9597494781196698,0.779838768872
SXS:BBH:0288,0.7500002954638261,0.24999970453617384,3.000004727426805,0.1874998522679996,0.5000005909276525,0.599935835445,-0.399967070945,0.3499604042826384,0.5499437034035362,0.9588834523906173,0.785440463141
SXS:BBH:0290,0.7499993285629996,0.2500006714370004,2.9999892570368463,0.1875003357180494,0.4999986571259991,0.600038321843,0.399948279469,0.5500156769016421,0.3500410000869959,0.9549075108083639,0.806965869892
SXS:BBH:0291,0.7499875403984446,0.2500124596015554,2.9998006563100854,0.187506229645536,0.4999750807968893,0.599962449488,0.599878623389,0.5999414919188102,0.2999872317270522,0.953771029945192,0.812005621071
SXS:BBH:0292,0.7499541228114615,0.2500458771885385,2.9992660996605207,0.18752293648955284,0.4999082456229229,0.731358901349,-0.849301157937,0.33612137028794475,0.760849876355142,0.9559711647684843,0.826624315506
SXS:BBH:0293,0.7499492930289074,0.2500507069710925,2.9991888529857524,0.18752535091434935,0.4998985860578149,0.849987828485,0.84947784932,0.8498603078342511,0.4250352342767528,0.936145891460323,0.91424751368
SXS:BBH:0294,0.7777774835328144,0.2222225164671855,3.499994041547383,0.17283966964217692,0.5555549670656291,2.31274300383e-07,3.53322417139e-07,2.5839614001859916e-07,1.0136374669680473e-07,0.9749322738840511,0.504184017448
SXS:BBH:0295,0.8181814785926697,0.18181852140733035,4.499989727447444,0.1487605466805825,0.6363629571853393,2.095393547e-07,2.92914154429e-07,2.2469843750935907e-07,1.1818400059424066e-07,0.9803573411462256,0.442574290459
SXS:BBH:0304,0.5,0.5,1.0,0.25,0.0,0.499495909662,-0.499492346983,1.7813395000176868e-06,0.4994941283225,0.951414958638133,0.68554938916
SXS:BBH:0305,0.5497934324199515,0.45020656758004857,1.2212026034520165,0.24752061408783976,0.09958686483990219,0.329976580046,-0.43994832522,-0.016648668848199905,0.37948658197157437,0.9520177061754621,0.692085186818
SXS:BBH:0307,0.5511327912872043,0.44886720871279584,1.2278303707407645,0.24738543765517926,0.10226558257440754,0.319971950994,-0.579849149789,-0.08392823485534054,0.43662230382521205,0.9536436121624261,0.673883605893
SXS:BBH:0310,0.5497891458375227,0.45021085416247736,1.2211814547658781,0.24752104095676994,0.09957829167504455,0.000145609380623,9.70591619125e-05,0.00012375154518757072,3.635736880972907e-05,0.952535640343643,0.680979004173
SXS:BBH:0311,0.5425380192257668,0.4574619807742332,1.1859740088292068,0.24819051692034833,0.08507603845153287,0.419942417905,0.380019411669,0.40167916039381735,0.05399029480429837,0.9382402125506306,0.802821983616
SXS:BBH:0312,0.5460744886840943,0.4539255113159058,1.2030046231617464,0.24787714149249934,0.09214897736818696,0.390150308681,-0.479875258678,-0.004776491840345121,0.43087875248618235,0.9514714654146309,0.697209331299
SXS:BBH:0313,0.5490371473889951,0.45096285261100477,1.2174775465654333,0.2475953581759499,0.09807429477799147,0.380153489028,-0.519877052065,-0.025726851220325475,0.443163625592139,0.9520558918825138,0.691789898058
SXS:BBH:0314,0.5511270424604849,0.4488729575395152,1.2278018383675253,0.24738602552924385,0.10225408492096827,0.310072260694,-0.459918925798,-0.03555596046602438,0.3773343764366658,0.9525568840964573,0.686319899068
SXS:BBH:0315,0.559823224776607,0.44017677522339305,1.2718145442646138,0.24642118177732752,0.11964644955321449,0.320013016037,-0.560017849765,-0.06735613256877493,0.4256575697854177,0.9534398474712374,0.679660425548
SXS:BBH:0317,0.7688965549165293,0.23110344508347072,3.3270666070720694,0.17769464275402197,0.5377931098330585,0.522629038036,-0.448249975218,0.29825555331375997,0.5054397803766804,0.9642185969202567,0.746182715979
SXS:BBH:0318,0.5495439019257131,0.4504560980742869,1.2199721665996521,0.24754540178197532,0.09908780385142632,0.330010802199,-0.439871970754,-0.016787587680020505,0.3794984355161668,0.9520091502282185,0.692007653919
SXS:BBH:0325,0.5,0.5,1.0,0.25,0.0,5.55961806257e-05,-0.79973884392,-0.3998416238696872,0.39989722005031286,0.9603499082745123,0.559739367764
SXS:BBH:0326,0.5,0.5,1.0,0.25,0.0,-0.000101040812844,0.799759107702,0.399829033444578,-0.399930074257422,0.9373337507895166,0.802611097803
SXS:BBH:0327,0.5,0.5,1.0,0.25,0.0,0.799781535736,-0.79988844283,-5.345354700003746e-05,0.799834989283,0.9510981103186725,0.684109354192
SXS:BBH:0328,0.5,0.5,1.0,0.25,0.0,0.799792895488,0.799793125851,0.7997930106695,-1.1518150000444649e-07,0.9111905781071752,0.907503340589
SXS:BBH:0329,0.5000001396195262,0.49999986038047395,1.0000005584782603,0.24999999999998057,2.7877519926234645e-07,-0.800507256936,-0.799868497864,-0.8001878774891833,-0.0003196029797044031,0.9665026342625912,0.426723606184
SXS:BBH:0330,0.5000008570644845,0.49999914293551545,1.0000034282638146,0.24999999999926542,1.7141517601930523e-06,-0.800529034589,0.799782857994,-0.0003744598679873423,-0.8001559469310214,0.9511082187986787,0.684007835993
SXS:BBH:0332,0.6666245169871376,0.33337548301286235,1.9996207008462523,0.22223627033880308,0.33324903397427524,0.000215974893051,0.799547772535,0.2666935990194753,-0.2664056507019523,0.9565237929456011,0.66925214656
SXS:BBH:0333,0.6666319354875432,0.3333680645124569,1.9996874519533752,0.22223379807567525,0.3332638709750863,0.800085834633,0.799876487708,0.8000160450538012,0.26670949194132515,0.924796403554154,0.90264436379
SXS:BBH:0334,0.6666450894068302,0.33335491059316974,1.9998058172312685,0.22222941417658953,0.33329017881366063,-0.800616864829,-0.799646010613,-0.8002932258086262,-0.2671613770604632,0.9735115246319727,0.30576202546
SXS:BBH:0335,0.6666474119666795,0.33335258803332046,1.9998267177096114,0.22222864008480778,0.3332948239333592,-0.800515276369,0.799739693408,-0.26706614068065404,-0.8002567337817161,0.9686815057683162,0.410385385715
SXS:BBH:0354,0.6666441037110917,0.3333558962889082,1.9997969471442436,0.22222974269832685,0.3332882074221838,-0.200242586132,0.399964801451,-0.00015991448504490413,-0.2668211642284716,0.9625732539070295,0.582951940559
SXS:BBH:0355,0.6363200421268489,0.3636799578731512,1.7496703581031332,0.2314168461145342,0.2726400842536974,-0.60033405856,0.799750317529,-0.09115143164509532,-0.6728577552210674,0.9626647381091109,0.530894306569
SXS:BBH:0361,0.5999831049695937,0.40001689503040627,1.4998944105198047,0.2400033787206392,0.19996620993918743,-0.000163735472698,0.799716266708,0.3198017793965394,-0.31999825643114543,0.9474014979139114,0.732888486816
SXS:BBH:0366,0.5000000847319195,0.4999999152680807,1.000000338927735,0.2499999999999929,1.6858739404357614e-07,0.199950923174,-5.20207407823e-05,0.0999494681632422,0.10000148889520886,0.9487383610996171,0.716671064944
SXS:BBH:0369,0.599984148089532,0.40001585191046796,1.4999009294857175,0.24000317013081052,0.19996829617906417,0.599866435099,-0.799626130622,0.04004722417974754,0.6797734798810084,0.950611880440197,0.735217409366
SXS:BBH:0370,0.5,0.5,1.0,0.25,0.0,-0.200240438521,0.399920976952,0.0998402692155,-0.30008070773650003,0.9486718496827155,0.716312494352
SXS:BBH:0371,0.6363610463444399,0.3636389536555601,1.7499804131193355,0.2314056650398495,0.2727220926888799,-7.61016936479e-05,-0.399993170413,-0.14550152611175182,0.1454046698049551,0.9606563506184803,0.615193029888
SXS:BBH:0372,0.6000189735300356,0.3999810264699643,1.5001185901879093,0.23999620493399804,0.20003794706007122,0.799731332477,-0.400042985726,0.3198443691498625,0.639863577275452,0.9405325777671405,0.814921924081
SXS:BBH:0376,0.500003594441249,0.499996405558751,1.0000143778683568,0.24999999998707997,7.1888875801603545e-06,0.599871701123,-0.400060372743,0.09990925838709253,0.49996675514308075,0.9485222667530946,0.71566680754
SXS:BBH:0377,0.5555700773145233,0.44442992268547665,1.250073518806925,0.24691196650725789,0.11114015462904692,-0.800402621097,0.400002069057,-0.2669068574605743,-0.6224526347106406,0.9597347670531876,0.563293158705
SXS:BBH:0382,0.6363421553615403,0.36365784463845974,1.7498375595174553,0.23141081667136962,0.2726843107230805,-0.000170754961429,0.799951635257,0.2908000289123775,-0.29101734607276636,0.9522095345088186,0.70005099046
SXS:BBH:0385,0.5999988563763872,0.40000114362361283,1.4999928523728552,0.2400002287234147,0.19999771275277425,0.80007627199,-0.000106364098602,0.480002302446802,0.4800873939689646,0.9342437946998964,0.847339243196
SXS:BBH:0386,0.5555371543242145,0.4444628456757855,1.2499068476231023,0.24691562448956836,0.11107430864842945,-0.200311794727,-0.799851515689,-0.4667849252014369,0.24422363636100938,0.9620773158988986,0.542442608044
SXS:BBH:0387,0.6666704300850511,0.33332956991494894,2.0000338711478736,0.22222096773526412,0.33334086017010206,-0.600491829168,-0.400075706301,-0.5336872091287214,-0.2669730828992579,0.9706799984273022,0.400704762346
SXS:BBH:0388,0.6363986622278547,0.3636013377721454,1.7502649086144466,0.23139540494245167,0.2727973244557089,0.799632484984,0.400096389713,0.6543606262552051,0.36340946118030026,0.9287420564329302,0.882193043214
SXS:BBH:0389,0.5,0.5,1.0,0.25,0.0,-5.32285340701e-05,-5.28798410678e-05,-5.305418756895e-05,-1.7434650114999956e-07,0.951619150783742,0.686422540775
SXS:BBH:0392,0.5999847074396892,0.4000152925603107,1.4999044251520184,0.24000305827819973,0.19996941487937867,-0.200319096228,0.799729259729,0.19971553945459708,-0.4400923281444762,0.9516884477348125,0.685888592511
SXS:BBH:0394,0.5000036109488977,0.49999638905110216,1.0000144438999035,0.249999999986961,7.221907381608971e-06,0.599857590977,0.399887931601,0.499873483369221,0.09998843971799276,0.9326442510018196,0.831123681031
SXS:BBH:0397,0.6000026285322814,0.39999737146771863,1.5000164284347153,0.23999947428663454,0.2000052570645628,-0.800477735367,-0.399857317341,-0.6402306212003013,-0.3203468694032345,0.9675098360973208,0.42398165838
SXS:BBH:0398,0.5555382650056928,0.4444617349943072,1.249912469996564,0.24691550112015742,0.11107653001138591,-0.000149024791456,-0.799840810175,-0.3555814231837211,0.3554158452355445,0.9598711374577694,0.584259252938
SXS:BBH:0399,0.6666296675757931,0.33337033242420694,1.9996670451392191,0.22223455388358068,0.33325933515158623,0.199988949495,0.400076092558,0.2666920668917222,-5.493305035428331e-05,0.954680995283735,0.709191804961
SXS:BBH:0402,0.636353180036226,0.36364681996377396,1.7499209262977158,0.23140781029400853,0.2727063600724521,-0.800442597331,0.399980064359,-0.3639127137949822,-0.6548156707010941,0.9669686427967175,0.442086074993
SXS:BBH:0409,0.5555268667328312,0.4444731332671688,1.2498547722093902,0.2469167670708344,0.11105373346566241,0.400139285381,0.80000583972,0.5778692256768019,-0.1332929787479597,0.9307968679570812,0.840290421813
SXS:BBH:0410,0.6666357873227152,0.33336421267728483,1.9997221116474668,0.22223251438333885,0.3332715746454303,0.600070882447,-8.34279936843e-05,0.40000091326206255,0.4000565370769221,0.946036558752601,0.80824332404
SXS:BBH:0412,0.666676322124541,0.33332367787545897,2.0000869016380944,0.22221900364303623,0.33335264424908206,-0.200133850429,-0.399963764877,-0.2667418924623457,-0.00010710621091172823,0.9661179883272986,0.534138683758
SXS:BBH:0414,0.6363298760087318,0.36367012399126813,1.749744711017313,0.23141416490744376,0.27265975201746395,-0.400215110803,-0.799697471412,-0.5454949104179995,0.0361572467498118,0.9676849298266553,0.46724216247
SXS:BBH:0415,0.5,0.5,1.0,0.25,0.0,-7.69375917008e-05,-0.400061942952,-0.2000694402718504,0.1999925026801496,0.9564581655027594,0.624088640059
SXS:BBH:0423,0.6363161169798905,0.3636838830201095,1.7496406816155397,0.23141791625152486,0.27263223395978065,0.000140338338325,-0.799604621306,-0.29071401401088387,0.29089261310389664,0.962782239146106,0.585061364769
SXS:BBH:0435,0.6363189633751517,0.3636810366248484,1.7496622020233084,0.2314171402243241,0.27263792675030296,0.400069974645,0.799880170968,0.5454733612969329,-0.036329138209673595,0.9407224223835969,0.806429358401
SXS:BBH:0436,0.5,0.5,1.0,0.25,0.0,-0.200198064124,-0.400023432845,-0.30011074848450003,0.0999126843605,0.9585560761372134,0.592297283731
SXS:BBH:0437,0.5999721855629119,0.40002781443708807,1.4998261718555292,0.24000556211377466,0.19994437112582428,-0.200141045564,-0.79961715359,-0.43994816286489247,0.19979004180913362,0.9634414415871918,0.539362083562
SXS:BBH:0438,0.5555247848803772,0.44447521511962296,1.2498442342411986,0.2469169982639879,0.11104956976075299,-0.600343576112,-0.799705774072,-0.688955131936992,0.021943659989121678,0.9657814752620026,0.457052736003
SXS:BBH:0440,0.6000163056927581,0.39998369430724184,1.5001019147342143,0.2399967385955727,0.20003261138551695,-7.89224863575e-05,0.400144299241,0.16000384028769732,-0.16009854984509797,0.9516843964628611,0.699312666935
SXS:BBH:0441,0.5999956085931291,0.40000439140687105,1.4999725540083724,0.2400008782620898,0.1999912171862575,0.599684099132,0.799888446923,0.6797667174271486,0.03984893461750483,0.9274650218869217,0.865600369386
SXS:BBH:0447,0.5000043093763029,0.49999569062369703,1.0000172376537788,0.24999999998142924,8.618760013843342e-06,-0.60044573861,0.399946655751,-0.10025385249677787,-0.5001970612064964,0.9540095427711429,0.654722609665
SXS:BBH:0448,0.6666610432041504,0.3333389567958495,1.9999493896911698,0.22222409667810425,0.3333220864083012,0.400118024197,-0.400065697153,0.13338561727717024,0.4001005815547408,0.9552190039378305,0.725891367814
SXS:BBH:0451,0.6363351814152381,0.36366481858476196,1.749784826290319,0.23141271830847415,0.2726703628304759,0.000201870033387,0.399843228605,0.14553737219730045,-0.1452804581886652,0.9554424548474421,0.67300080021
SXS:BBH:0454,0.6363617063517223,0.3636382936482776,1.749985404362367,0.2314054850408466,0.272723412703445,-0.800622655698,-0.399970548673,-0.6549302071528418,-0.36404099149481167,0.9700424060959622,0.378789160013
SXS:BBH:0459,0.5,0.5,1.0,0.25,0.0,0.199908553657,-0.400078127372,-0.1000847868575,0.2999933405145,0.954116637269747,0.655276336608
SXS:BBH:0461,0.6666676961341379,0.33333230386586205,2.0000092652358563,0.22222187906533863,0.333335392268276,-0.600463016195,8.2298871945e-05,-0.4002818627478852,-0.4003367284930672,0.9693968216473878,0.42668015432
SXS:BBH:0462,0.5000039296358826,0.4999960703641174,1.0000157186670675,0.249999999984558,7.859264286887024e-06,-0.600419715134,-0.399991567221,-0.5002064287871419,-0.10021800520857249,0.9621573155527645,0.527234243774
SXS:BBH:0465,0.5555206313247358,0.4444793686752643,1.24982320997355,0.24691745949730284,0.1110412626494702,0.600073302049,-0.799778727755,-0.02213204439706906,0.6888382435878279,0.9511966785821916,0.705029766293
SXS:BBH:0466,0.5555682357046766,0.4444317642953233,1.250064195086433,0.24691217118066947,0.11113647140935391,-0.800380232098,-0.399912485223,-0.6223996448109708,-0.26693202206820016,0.9651878790446851,0.46472750909
SXS:BBH:0473,0.6363175250176293,0.36368247498237066,1.7496513271597003,0.231417532373068,0.2726350500352587,0.200120098955,-0.799596340115,-0.16345924988653998,0.4181391020331973,0.9596582410354088,0.642440781924
SXS:BBH:0475,0.5555268508953649,0.4444731491046351,1.24985469204257,0.2469167688296439,0.11105370179073024,-0.400165224501,0.799955150829,0.13325605802656174,-0.5778611120363163,0.9502660800977772,0.69042350625
SXS:BBH:0486,0.5555237840895076,0.4444762159104922,1.2498391684503047,0.24691710940038167,0.11104756817901655,0.000151919629602,0.799992469376,0.3556620205126488,-0.3554932305776208,0.9422312508363625,0.76744969024
SXS:BBH:0488,0.6363167046401739,0.3636832953598261,1.7496451246423237,0.2314177560360436,0.27263340928034785,0.600135129331,-0.799594401832,0.09107688082517579,0.6726751348442372,0.9512768978783914,0.753432947015
SXS:BBH:0501,0.6363124119400675,0.36368758805993245,1.7496126698588594,0.23141892635108133,0.2726248238801351,0.60019045799,0.799745803546,0.672766260299728,0.09105101559433337,0.9322744030707006,0.856797632023
SXS:BBH:0503,0.5555320872829399,0.4444679127170601,1.2498811981430507,0.24691618728199993,0.11106417456588001,-0.600308998951,0.799911337065,0.022044011142012043,-0.6890258335459745,0.9534537534887876,0.65065672028
SXS:BBH:0507,0.5555771628961108,0.44442283710388925,1.250109392479842,0.24691117896441916,0.1111543257922216,0.799747589575,0.400013191404,0.6220964942518286,0.266546499446335,0.925355405819363,0.870258218463
SXS:BBH:0512,0.636330408072945,0.36366959192705495,1.74974873401178,0.23141401983466428,0.2726608161458901,-0.600338007814,-0.799691059416,-0.6728366507395125,-0.09119000824845053,0.9696432994191607,0.407107290394
SXS:BBH:0513,0.6666684071422794,0.3333315928577206,2.0000156643623046,0.2222216420606554,0.33333681428455875,0.600015470105,-0.400153009266,0.26662771775018024,0.5333949976810723,0.9495964165978404,0.786642164323
SXS:BBH:0525,0.555577144595368,0.4444228554046319,1.250109299823327,0.24691118099862552,0.11115428919073661,0.799762677154,-0.399953050886,0.26658158762461626,0.6220781414297166,0.9416726216817178,0.787697957207
SXS:BBH:0535,0.5555365588511763,0.4444634411488237,1.2499038332944936,0.2469156906309698,0.11107311770235322,0.19983738201,-0.799850550678,-0.24448735662746213,0.4665212996907888,0.9573701828318678,0.625333323862
SXS:BBH:0550,0.6363357794890522,0.3636642205109479,1.7497893485232094,0.2314125552311126,0.27267155897810397,-0.200272386321,0.799947173544,0.16347168025710862,-0.41835265037652086,0.9563391739458322,0.644759642546
SXS:BBH:0552,0.6363768207772301,0.36362317922276993,1.7500997107430287,0.2314013627546953,0.27275364155445986,0.799926319134,-0.399972388827,0.36361533619992725,0.6544937994531266,0.9408255653117534,0.832926278219
SXS:BBH:0554,0.666663598840142,0.3333364011598579,1.9999723898153883,0.22222324482165218,0.33332719768028424,0.200115318349,-0.400078748867,4.8787985720694094e-05,0.2667704086414494,0.9596178259844935,0.663346441379
SXS:BBH:0559,0.5555253378676561,0.4444746621323439,1.2498470333551803,0.24691693685468263,0.11105067573531223,-0.200029263751,0.799999064759,0.24445798968625482,-0.46670063834364034,0.9465681450554458,0.729380527175
SXS:BBH:0566,0.6363301215316561,0.363669878468344,1.7497465674409602,0.23141409796316392,0.2726602430633119,0.19995045192,0.799946825601,0.4181510602180164,-0.16368206947689004,0.9471440660071168,0.75403707803
SXS:BBH:0574,0.6666500307293439,0.333349969270656,1.9998502840360919,0.22222776725790871,0.3333000614586879,0.400042605275,0.399934265816,0.4000064903196715,0.13337033987957955,0.9491765985904667,0.769992391126
SXS:BBH:0579,0.5999817728447622,0.40001822715523777,1.4998860854706084,0.24000364509881836,0.19996354568952454,0.399892804657,-0.799642682775,-0.07994325443534261,0.5598000422072846,0.9546698271853236,0.68786577863
SXS:BBH:0584,0.666641013664514,0.33335898633548594,1.999769140747325,0.22223077256486326,0.333282027329028,-0.400434275003,-0.399927521059,-0.4002653440219066,-0.1336264779661227,0.9685851199088303,0.467891292756
SXS:BBH:0591,0.5555525497346488,0.4444474502653511,1.2499847831345732,0.24691391421797937,0.11110509946929764,0.00010506770919,0.399988726055,0.17783234006376605,-0.17771559879629548,0.9480634910340967,0.724660551486
SXS:BBH:0593,0.6000011548207337,0.3999988451792663,1.500007217650423,0.23999976903451967,0.20000230964146723,3.19013830056e-05,9.78256321077e-05,5.827100651575028e-05,-1.9989273228273226e-05,0.9552474350082266,0.664094299647
SXS:BBH:0599,0.6666531654652876,0.3333468345347124,1.9998784941090149,0.22222672244039945,0.3333063309305753,0.199855451192,9.41905622539e-05,0.13326566729841047,0.1332028710468697,0.9573225535341212,0.686624265098
SXS:BBH:0625,0.5831913442682582,0.41680865573174186,1.3991824215944313,0.2430792002388402,0.1663826885365158,-0.710930082225,0.22042719202,-0.32273230874096237,-0.5064842319261198,0.962155487228278,0.529116500954
SXS:BBH:0626,0.540131182128593,0.4598688178714068,1.174533173674824,0.24838948822096163,0.0802623642571877,-0.827690099067,0.734106450265,-0.10946856617005069,-0.7846538971203312,0.9557498214702876,0.618898891152
SXS:BBH:0631,0.6992481837807233,0.30075181621927666,2.3250007018109073,0.2103001612600831,0.39849636756144663,-0.125615840471,-0.363345074365,-0.1971133393330377,0.021440042726166078,0.9681486270214968,0.531917169136
SXS:BBH:1108,0.901960303639086,0.09803969636091406,9.199949990855691,0.08842791429837384,0.8039206072781719,-2.2533840531e-06,-1.46366981843e-06,-2.1759607093210616e-06,-1.8889652201780386e-06,0.9909613162201094,0.277220264781
SXS:BBH:1110,0.8750000163261473,0.1249999836738526,7.00000104487357,0.10937498775538916,0.7500000326522949,3.78251440966e-06,-2.03421080588e-07,3.28427253845397e-06,3.335127801958805e-06,0.9876260648404582,0.33654963967
SXS:BBH:1122,0.5000000012674991,0.4999999987325008,1.0000000050699966,0.24999999999999994,1.4901161193847656e-08,0.437577200796,0.437577185317,0.4375771930565,8.848757421242581e-09,0.9358230081678653,0.814189061147
SXS:BBH:1123,0.5000000020070136,0.49999999799298644,1.0000000080280542,0.25,0.0,0.500047452012,0.500047499325,0.5000474756684999,-2.1649295911529975e-08,0.932657917464204,0.831254247705
SXS:BBH:1124,0.5,0.5,1.0,0.25,0.0,0.998000728154,0.998000755108,0.9980007416309999,-1.3477000015971186e-08,0.8858635527572507,0.950665510736
SXS:BBH:1134,0.5000001099951455,0.49999989000485434,1.0000004399806792,0.24999999999998784,2.2051704804522905e-07,-0.43753905849,-0.43753989932,-0.43753947890490746,3.2416056261475035e-07,0.961111677468414,0.547820491827
SXS:BBH:1137,0.5,0.5,1.0,0.25,0.0,-0.969242733008,-0.969242734905,-0.9692427339565,9.485000007636302e-10,0.9685193823206091,0.368643909435
SXS:BBH:1142,0.5555689439884793,0.4444310560115206,1.2500677809835092,0.24691209246400522,0.11113788797695909,-0.000192360521025,-0.000228315852947,-0.00020834018716033918,-5.398875901526675e-06,0.9527677052535377,0.679504597452
SXS:BBH:1143,0.5555639323671692,0.4444360676328309,1.2500424084081,0.2469126494198967,0.11112786473433722,-0.00013651341692,-2.54535974111e-05,-8.715442746545252e-05,-6.452943398445556e-05,0.95276219435069,0.679536748203
SXS:BBH:1146,0.5999335598443218,0.4000664401556782,1.4995848179889049,0.24001328361684138,0.19986711968864335,0.949893478455,0.949303274786,0.9496573577741765,0.19008859423065122,0.8981801868328205,0.942721676749
SXS:BBH:1147,0.6708131976028424,0.3291868023971576,2.0377888564120474,0.2208228515246923,0.3416263952056849,0.430140353244,-0.510018097152,0.12065259921147409,0.4564350523437736,0.9555335356935537,0.728674714139
SXS:BBH:1148,0.6708042634817541,0.3291957365182459,2.037706413140543,0.2208259035764555,0.34160852696350824,0.430162915007,0.50994327352,0.45642626888737675,0.12068396586949331,0.9477440931587467,0.782960054357
SXS:BBH:1150,0.7499867839757653,0.25001321602423465,2.9997885547901055,0.18750660783745401,0.49997356795153075,0.700034892443,0.599880721136,0.6749950259762948,0.37503880933199796,0.9489839785600328,0.851761349616
SXS:BBH:1151,0.7499858355445279,0.2500141644554721,2.999773381552154,0.18750708202710425,0.49997167108905577,0.700145628486,0.599909044903,0.6750850627936252,0.37511354557221754,0.9489404023834291,0.851830589826
SXS:BBH:1152,0.7499849613908521,0.2500150386091478,2.999759396726989,0.18750751907841415,0.4999699227817043,0.70014907643,0.599905128398,0.6750865818924461,0.3751159742159426,0.9489403771218546,0.851832347351
SXS:BBH:1154,0.5000000011275129,0.49999999887248714,1.0000000045100514,0.25,0.0,2.65408380851e-05,2.64339044381e-05,2.648737126172057e-05,5.34668832297033e-08,0.9516137660533803,0.68644028906
SXS:BBH:1166,0.6666683713342894,0.33333162866571064,2.000015342087064,0.22222165399677543,0.3333367426685787,4.1408427413e-05,-3.24828040266e-06,2.6522934265957283e-05,2.8688443459920417e-05,0.9612536943420807,0.623427777785
SXS:BBH:1167,0.6666786286330887,0.33332137136691126,2.0001076615613305,0.2222182347569929,0.33335725726617743,-7.01521110662e-05,5.46510638418e-06,-4.49472764466894e-05,-4.859054995597128e-05,0.9612592562016139,0.623388090901
SXS:BBH:1172,0.7499919872281391,0.2500080127718609,2.9998717997591826,0.18750400632172595,0.4999839744562781,-0.699849597985,-0.599711622591,-0.6748143017537486,-0.3749488797534203,0.9796492362674315,0.20337467446
SXS:BBH:1173,0.7499954720248575,0.2500045279751425,2.99992755370986,0.18750226396706868,0.49999094404971506,-0.699860591587,-0.599726493348,-0.6748266136225423,-0.37495793585523396,0.9796384145540787,0.203346928825
SXS:BBH:1175,0.7499942895276315,0.25000571047236847,2.9999086345290644,0.18750285520357474,0.49998857905526306,-0.699858447602,-0.599714276313,-0.6748218329092269,-0.37495784544911925,0.9796412424545936,0.203362362126
SXS:BBH:1178,0.7499983775780716,0.2500016224219283,2.99997404141761,0.1875008112083319,0.4999967551561434,-1.10599045721e-05,1.78119030986e-05,-3.841905812171124e-06,-1.2747915158315469e-05,0.9708215820837499,0.539443327168
SXS:BBH:1220,0.8000319035937438,0.1999680964062563,4.000797717093803,0.15998085682591448,0.6000638071874874,-5.6267346621e-05,3.31066344035e-05,-3.8395401767281866e-05,-5.16359430874534e-05,0.9779622921316523,0.471552652427
SXS:BBH:1222,0.6666342695317587,0.33336573046824136,1.9997084541215815,0.22223302021761723,0.33326853906351717,3.40155474133e-05,-0.000105561180295,-1.2514550375544251e-05,5.7866409580720554e-05,0.9612266259025523,0.623453084195
SXS:BBH:1223,0.5555461642395241,0.4444538357604759,1.2499524574671863,0.24691462363827582,0.11109232847904808,0.380123742053,-0.459944817719,0.0067520483605559845,0.41560052530728087,0.9513718572366171,0.70151911989
SXS:BBH:1351,0.5085567031255546,0.49144329687444543,1.0348227483413641,0.24992678283162112,0.017113406251109766,-0.228140654772,-0.0023649462548,-0.11718469622414342,-0.11486022225536384,0.95464235956621,0.649143386789
SXS:BBH:1352,0.5350138082737775,0.46498619172622246,1.150601496976896,0.24877403323016714,0.07002761654755527,0.710161815672,-0.671696221914,0.06761690926861463,0.6922758457179796,0.9485125302725028,0.723800677059
SXS:BBH:1353,0.5492120813519703,0.45078791864802975,1.2183380668211499,0.24757817104900712,0.09842416270393937,0.330838968281,-0.438154943537,-0.015814196680442733,0.3792157134043357,0.9519737759298859,0.69224164399
SXS:BBH:1354,0.646895852118625,0.353104147881375,1.8320256388943612,0.22842160863034305,0.29379170423725,-0.000150020652343,0.000126418627088,-5.240879613857541e-05,-0.00014168667932705853,0.9592253002537968,0.637700825887
SXS:BBH:1376,0.5024856880931166,0.49751431190688344,1.0099924284935216,0.24999382135470372,0.004971376186242277,0.249968490735,0.499963472467,0.3743445720515699,-0.12313339391442127,0.9387416608438456,0.796195822397
SXS:BBH:1387,0.7489392532629469,0.2510607467370531,2.983099759706139,0.18802924818488637,0.4978785065258939,0.469939519226,-0.359902056062,0.26159887366074225,0.4423134315549952,0.9625847642823925,0.732852829325
SXS:BBH:1412,0.619768203856781,0.380231796143219,1.629974689500553,0.23565557734492057,0.23953640771356183,0.400006079655,-0.299983545203,0.13384776731362458,0.36197433172551907,0.9512064252640092,0.734186618143
SXS:BBH:1418,0.7999972063378702,0.20000279366212984,3.999930159422309,0.16000167618947336,0.5999944126757403,-0.400030001843,-0.499986122747,-0.42002150526742965,-0.2200242625840365,0.9823224763600152,0.247208762096
SXS:BBH:1419,0.8888534233714441,0.11114657662855577,7.997128209732732,0.09879301513230834,0.7777068467428885,-0.799956583473,-0.798879820756,-0.7998369049831641,-0.6222513905538368,0.9928947835699209,-0.276295259733
SXS:BBH:1420,0.8888515470177074,0.11114845298229274,7.996976324621557,0.09879447438193581,0.7777030940354145,-0.800081791609,0.799422203386,-0.6222993970263089,-0.8000084793984084,0.9925796201991931,-0.265615567183
SXS:BBH:1421,0.8864796676331731,0.11352033236682678,7.80899464572236,0.10063346650615196,0.7729593352663464,-0.608065856225,0.79948651348,-0.4482800433923737,-0.629795992858464,0.9918748468971303,-0.117098473922
SXS:BBH:1422,0.8883086626022805,0.11169133739771944,7.953245822808262,0.09921638254802824,0.7766173252045612,-0.800141087454,-0.458841196123,-0.7620208461375443,-0.65952367244125,0.9927496199241148,-0.272061691058
SXS:BBH:1423,0.8888538347600182,0.11114616523998164,7.997161511068298,0.09879269519242832,0.7777076695200367,-0.603631990822,-0.752452418043,-0.6201728106169899,-0.45290840903492785,0.9922877223819189,-0.132856034786
SXS:BBH:1424,0.8660262145402295,0.13397378545977046,6.464146784896805,0.11602481026934987,0.7320524290804591,-0.656582314499,-0.799069295387,-0.6756718347072993,-0.46156315801196357,0.9905504203241066,-0.0929269104235
SXS:BBH:1425,0.8595124233313705,0.1404875766686295,6.1180671181959205,0.12075081747040545,0.719024846662741,-0.800020655995,0.672689436685,-0.593123183938954,-0.7821322015598763,0.989983913405325,-0.151341222413
SXS:BBH:1426,0.8888499065090717,0.1111500934909284,7.996843534653579,0.0987957502078863,0.7776998130181432,0.483879364475,0.747863287147,0.5132212021600949,0.3469710535904507,0.9840434057715538,0.650442472844
SXS:BBH:1427,0.8811035805621958,0.11889641943780423,7.4106822116969555,0.10476006088267395,0.7622071611243916,-0.61019369966,-0.73102349434,-0.6245599296088571,-0.4507277776049812,0.9917019831175106,-0.110714385118
SXS:BBH:1428,0.8465431687653003,0.15345683123469972,5.516490611425317,0.1299078321821046,0.6930863375306006,-0.800165542008,-0.699340907901,-0.7846933131475419,-0.570056033788971,0.9892790714160345,-0.121433279108
SXS:BBH:1429,0.8856824009988217,0.11431759900117827,7.7475595073484085,0.10124908555978405,0.7713648019976435,-0.20028311741,-0.778847969759,-0.26642326219700885,-0.08835120241742653,0.9904569057114664,0.166939439096
SXS:BBH:1430,0.8888674129318375,0.11113258706816258,7.998260783640854,0.09878213515969984,0.7777348258636748,0.284438831601,-0.751480097734,0.16931448099112031,0.33634233577395045,0.9874108305916738,0.504003266763
SXS:BBH:1431,0.8888821806546285,0.11111781934537143,7.99945666582823,0.09877064956930083,0.7777643613092572,0.0778726348925,-0.775914197893,-0.016998296152416034,0.15543749118555028,0.9891997884555943,0.357768505747
SXS:BBH:1432,0.8537818020044871,0.14621819799551294,5.839093995883381,0.12483843657045791,0.7075636040089741,0.657564262372,0.792533257678,0.6772991856509082,0.44553361607252684,0.9726975944388485,0.791817261397
SXS:BBH:1433,0.8888809535220084,0.1111190464779916,7.999357281184567,0.09877160398781354,0.7777619070440168,-0.737223078647,0.207443309863,-0.6322526503159608,-0.6783544558963911,0.9925120933452691,-0.223894394472
SXS:BBH:1434,0.8136838600421811,0.1863161399578189,4.367221541979108,0.15160243594903733,0.6273677200843623,0.797744291588,0.795397073627,0.7973069669978669,0.5009163420140114,0.9561198251505734,0.883229499556
SXS:BBH:1435,0.868231614976679,0.13176838502332097,6.58907381177219,0.1144054777316668,0.736463229953358,-0.789279466255,0.067288608463,-0.6764108743868739,-0.694143896922146,0.9909996942219961,-0.18281642703
SXS:BBH:1436,0.8625955504859841,0.13740444951401584,6.277784697197856,0.11852446676776612,0.7251911009719683,0.00949044599538,-0.798977072587,-0.1015965883453943,0.11796942132087894,0.9864497272661316,0.360790801074
SXS:BBH:1437,0.8579045797424057,0.14209542025759422,6.0375244901431335,0.1219043117994119,0.7158091594848115,0.799932777019,0.147520489834,0.7072279788902291,0.6653040068910925,0.9689633661895825,0.869521340445
SXS:BBH:1438,0.8544037568236175,0.14559624317638256,5.868309086715582,0.12439797714930624,0.7088075136472349,0.125766491394,0.799609983831,0.22387557238168038,-0.008964846922562844,0.9832370918797995,0.465112538472
SXS:BBH:1439,0.8663445085300808,0.1336554914699192,6.4819222839419375,0.11579170106985356,0.7326890170601615,0.720401043827,-0.31923254095,0.5814483061049962,0.6667826704127229,0.9750695983781282,0.816165400262
SXS:BBH:1440,0.8493585168737212,0.15064148312627884,5.638277712399619,0.1279486266877939,0.6987170337474423,0.769754469818,0.306333989297,0.6999441213212237,0.6076509083618443,0.9680842522762539,0.855352669604
SXS:BBH:1441,0.8888782151928821,0.1111217848071179,7.999135513668829,0.09877373374839847,0.7777564303857641,0.595577791993,-0.477961834173,0.476284152672268,0.5825080968382429,0.982922137052443,0.721396537851
SXS:BBH:1442,0.8681728116218903,0.13182718837810975,6.585688599621629,0.1144487807824321,0.7363456232437806,-0.709621960444,-0.178523588803,-0.6396087553583747,-0.5925402298162361,0.990797812761353,-0.130408835136
SXS:BBH:1443,0.8503121032978501,0.14968789670214985,5.680566846294914,0.12728143028303635,0.7006242065957003,0.407924431624,-0.7371860791,0.23651524778219982,0.4572109150993672,0.9800855126839978,0.630898793478
SXS:BBH:1444,0.855844521013309,0.14415547898669098,5.93695450932062,0.12337467686480869,0.711689042026618,-0.0630909225336,-0.758200668638,-0.16329480093159693,0.05530276017948357,0.9863338066915991,0.326965456917
SXS:BBH:1445,0.8236743572002125,0.1763256427997875,4.671324851686321,0.14523491049102927,0.647348714400425,-0.497006150578,0.799291167681,-0.26843569267634115,-0.5503067505274313,0.9846902771628553,0.157679037581
SXS:BBH:1446,0.7592752175958141,0.2407247824041859,3.1541215242266274,0.18277636154064325,0.5185504351916282,-0.799835090459,0.776581052306,-0.4203526575134493,-0.7942372671846005,0.9795410275622497,0.179744526214
SXS:BBH:1447,0.7595882505857399,0.2404117494142601,3.15953048233459,0.1826139401578351,0.5191765011714798,0.739856710376,0.799659753586,0.7542340646144127,0.36973886402283973,0.9471896276888279,0.86966835566
SXS:BBH:1448,0.87413703390099,0.12586296609901004,6.94514884714659,0.11002147986376949,0.7482740678019799,-0.481394701355,0.524815031624,-0.35475015984457015,-0.486859712911655,0.9902303420468859,0.0125152107341
SXS:BBH:1449,0.8071585250831131,0.19284147491688686,4.185606469930766,0.15565364046876654,0.6143170501662264,-0.800181962085,-0.344443428799,-0.7122966711496691,-0.5794507134796113,0.9854998951385212,0.0104997153255
SXS:BBH:1450,0.80265807606882,0.19734192393117997,4.067346968547519,0.15839808899032035,0.6053161521376401,-0.283524531349,-0.799219201717,-0.3852927097604768,-0.06985379994132762,0.981998998395343,0.298804420782
SXS:BBH:1451,0.8021983281181497,0.19780167188185022,4.055568997401166,0.1586761704825951,0.6043966562362995,0.313424005219,-0.799411218475,0.09330333744331401,0.4095530885142381,0.9747717951910364,0.618385255852
SXS:BBH:1452,0.7845470982614303,0.2154529017385697,3.6413856203867647,0.16903294887099993,0.5690941965228606,0.800138385597,-0.426549528334,0.5358449150129332,0.7196475822424904,0.9556359142781363,0.86911109886
SXS:BBH:1454,0.7104916655001845,0.28950833449981556,2.4541319914941417,0.20569325875495845,0.42098333100036894,-0.799831582259,-0.733597821054,-0.780656356364882,-0.3558909896328074,0.9769318020830685,0.235578720873
SXS:BBH:1455,0.8888937544906496,0.11110624550935048,8.000394131001771,0.09876164771816642,0.777787508981299,-0.397739663849,0.00147795234662,-0.3533840933723118,-0.35371251284486116,0.9914721523690837,0.0212991195368
SXS:BBH:1456,0.7496694341460907,0.25033056585390934,2.9947179306245446,0.1876651736531709,0.4993388682921813,0.744987082743,0.696692219616,0.732897402328581,0.3840906872036023,0.9455056668533921,0.871559660965
SXS:BBH:1457,0.7644394987627554,0.23556050123724448,3.2451938875476034,0.1800717514941026,0.5288789975255112,0.54485194579,0.799661578366,0.6048750305596806,0.2281376661195585,0.9578314993163373,0.786792554303
SXS:BBH:1458,0.7917970075407547,0.2082029924592452,3.8030049337342997,0.16485450639026067,0.5835940150815097,-0.0632926200764,0.799435478662,0.11632995175961006,-0.21655976611142488,0.976376137432548,0.468405159301
SXS:BBH:1459,0.6931494395488781,0.30685056045112197,2.258915344752285,0.2126932940019543,0.3862988790977561,0.763095723272,0.799568016005,0.7742872667380586,0.2835914790782067,0.9320608557393841,0.889665466985
SXS:BBH:1460,0.8888947276157124,0.11110527238428754,8.000472961726159,0.0987608908327008,0.777789455231425,0.123660418868,0.108724548002,0.12200096486713652,0.097841223825895,0.9883782391754288,0.395241963047
SXS:BBH:1461,0.7424690354218852,0.25753096457811475,2.883028208426091,0.19120876686158056,0.4849380708437705,-0.44868306762,-0.799533418989,-0.5390378970306291,-0.12722867182127878,0.977208074748547,0.324743533317
SXS:BBH:1462,0.7246085905268845,0.2753914094731155,2.6311953299967508,0.19955098106152633,0.449217181053769,-0.79991670978,0.510738937044,-0.4389734038672407,-0.7202796353579367,0.9760649850094866,0.261978703217
SXS:BBH:1463,0.8327086833408747,0.1672913166591253,4.977596566100388,0.13930493202958158,0.6654173666817493,0.613095385341,0.240620025871,0.5507834920321827,0.4702762101471579,0.970817335651174,0.773529202986
SXS:BBH:1464,0.8672846623177681,0.13271533768223193,6.534924127566614,0.11510197682612308,0.7345693246355361,-0.0522860392989,-0.322541600486,-0.08815309736234708,-0.002540662512213014,0.9872495854231587,0.314872374711
SXS:BBH:1465,0.630719298535979,0.36928070146402103,1.7079671264582177,0.2329124649902616,0.26143859707195793,-0.787563932112,0.767468791042,-0.21332035730618404,-0.780143184321652,0.9645013283076554,0.484507658352
SXS:BBH:1466,0.6548012104574499,0.34519878954255,1.8968815369404346,0.22603658524090825,0.30960242091490014,0.698848833364,-0.79966622506,0.18156324908475158,0.7336508749422963,0.9491334143077548,0.788847918321
SXS:BBH:1467,0.6904076229183833,0.3095923770816167,2.2300536900376384,0.21374493713457074,0.3808152458367667,-0.56238403105,0.799554209014,-0.14073833387023277,-0.6358101102187448,0.9688999859250392,0.444062385624
SXS:BBH:1468,0.6939530407621486,0.3060469592378514,2.267472424788338,0.21238221797911636,0.387906081524297,0.514755640904,0.799510049216,0.6019038616974611,0.11252862281213769,0.9455778967610246,0.811883282769
SXS:BBH:1470,0.6030390416166115,0.3969609583833886,1.5191394238679532,0.2393829559027302,0.206078083233223,-0.728628690705,-0.789301138518,-0.7527132837363146,-0.12606981093790465,0.9687279749310455,0.401179219222
SXS:BBH:1471,0.5707526299866034,0.4292473700133965,1.3296590028467514,0.24499406534997872,0.14150525997320773,-0.775210026528,-0.799590852351,-0.7856754318912773,-0.09923089097440368,0.9676709601381177,0.41112456926
SXS:BBH:1472,0.7028889725041838,0.2971110274958162,2.3657451506544356,0.20883606483619654,0.4057779450083676,-0.799785891291,-0.11600264217,-0.596626347560232,-0.5276950191455156,0.9750738211491813,0.282168793539
SXS:BBH:1473,0.5918362519131569,0.40816374808684314,1.4499971021121518,0.2415661028345432,0.18367250382631375,0.697763404354,0.787668362791,0.7344593491612379,0.09146400674883398,0.9218539332544886,0.8858211415
SXS:BBH:1474,0.5618074680916183,0.43819253190838153,1.2821018780143942,0.24617983688810352,0.12361493618323766,0.723734029888,-0.799746224993,0.05615635968926802,0.7570420061169737,0.9486097766479032,0.734291998891
SXS:BBH:1475,0.5,0.5,1.0,0.25,0.0,-0.799744603788,-0.799744506848,-0.799744555318,-4.8470000013622894e-08,0.966497449853846,0.426875292341
SXS:BBH:1476,0.5000016453880685,0.4999983546119316,1.0000065815739323,0.24999999999729275,3.290745259039556e-06,-0.799706344643,0.799953513119,0.00012095217675645031,-0.799829928474312,0.9510941180919945,0.684161960564
SXS:BBH:1477,0.5000000391496707,0.49999996085032933,1.0000001565986951,0.2499999999999985,7.742870483855355e-08,0.799914264418,0.799914012559,0.7999141384885098,1.8856225020291717e-07,0.9111807153513166,0.907535846837
SXS:BBH:1478,0.66361539612497,0.33638460387502994,1.9727876617430131,0.22323000215086913,0.3272307922499401,0.799807974071,0.12627468861,0.573241746644554,0.4882880244295188,0.9354021447320902,0.8711609081
SXS:BBH:1479,0.6078866538503551,0.3921133461496448,1.5502829980654709,0.23836046992097365,0.2157733077007103,-0.556963537106,-0.799605839673,-0.6521068222830009,-0.025034579493047993,0.9675263820755501,0.442509425383
SXS:BBH:1480,0.6075702167396214,0.3924297832603787,1.548226568564232,0.23842864847059092,0.2151404334792424,-0.799842483725,-0.309608332274,-0.6074600019242485,-0.36446094046446226,0.9676010263333085,0.424261873432
SXS:BBH:1481,0.5,0.5,1.0,0.25,0.0,0.731186669536,0.793727353513,0.7624570115245,-0.03127034198849998,0.914648876482793,0.898601395891
SXS:BBH:1482,0.5808371742160855,0.41916282578391445,1.3857077452653612,0.24346535126475818,0.1616743484321717,-0.58129509439,0.799911831499,-0.0023444963420530818,-0.6729311036802677,0.9559043930078834,0.621049774386
SXS:BBH:1483,0.7599371490798147,0.24006285092018545,3.1655757905352613,0.18243267852825829,0.519874298159629,0.560657701892,-0.194085035526,0.37947200863613006,0.47265722253476417,0.960812708296617,0.772104259167
SXS:BBH:1484,0.7436740733160002,0.2563259266839997,2.90128307712238,0.19062294599358853,0.4873481466320005,-0.560337195822,0.297379597643,-0.3404821439046551,-0.492934345790169,0.9764891780290765,0.312901602705
SXS:BBH:1485,0.7556818841376609,0.24431811586233912,3.0930243607618904,0.18462677412381573,0.5113637682753218,0.352668790712,-0.400683131515,0.16861126849222796,0.3643995639913612,0.9665993836518738,0.678301360832
SXS:BBH:1486,0.7882587627512323,0.2117412372487677,3.722745616269038,0.16690688569712878,0.5765175255024646,0.427207286842,-0.0335325197842,0.3296496701372104,0.343850104591561,0.968609712723476,0.700720481287
SXS:BBH:1487,0.5564489165019438,0.44355108349805616,1.25453174888791,0.24681351982575658,0.11289783300388749,-0.799743761785,0.511790929031,-0.21801112862827512,-0.6720219708206288,0.9588808983966434,0.575553468719
SXS:BBH:1488,0.6143956224510897,0.3856043775489103,1.5933315548866127,0.23691364156402775,0.22879124490217934,-0.327588339957,0.747191606962,0.08685151247675188,-0.48938919654795227,0.9562370738288396,0.633540369778
SXS:BBH:1489,0.776019014777016,0.2239809852229839,3.464664708053014,0.17381350348152536,0.5520380295540323,0.299817896511,-0.171724324637,0.19420140524403678,0.27112737208193033,0.9699629104079842,0.645991835547
SXS:BBH:1490,0.5546862967122594,0.4453137032877405,1.245607967185882,0.24700940895189866,0.10937259342452008,0.411928577093,0.759272586604,0.5666056242831555,-0.10962335040782223,0.931252498854363,0.838701883249
SXS:BBH:1491,0.624021530179468,0.3759784698205319,1.6597267670069937,0.23461866005194326,0.24804306035893636,0.199296208987,-0.696451973086,-0.13748582185332978,0.38621607243539935,0.9583737478817068,0.650336431596
SXS:BBH:1492,0.5,0.5,1.0,0.25,0.0,-0.470684177846,-0.793448844324,-0.632066511085,0.161382333239,0.9641918365920131,0.483429492586
SXS:BBH:1493,0.561949917435957,0.4380500825640428,1.2828439938800835,0.24616220772967806,0.12389983487191479,0.00967397539295,0.799765563861,0.35577366095453505,-0.34490108160784355,0.94269670074154,0.764650339968
SXS:BBH:1494,0.6882747975035854,0.31172520249641456,2.2079536463257314,0.21455260062498388,0.376549595007171,-0.474095398048,-0.38911090609,-0.44760359008333755,-0.20501223809440033,0.9713277906646458,0.415690703466
SXS:BBH:1495,0.5000139864647493,0.49998601353525074,1.0000559474240105,0.24999999980437881,2.7972928764550208e-05,0.779143104361,0.533671239134,0.6564106050310899,0.12275429424503759,0.9230008679657427,0.872167146419
SXS:BBH:1496,0.536686864725956,0.46331313527404394,1.1583674708650606,0.24865407395657935,0.0733737294519136,0.799736754383,0.0284620366004,0.4423950467295401,0.41602137590230825,0.9346404229136969,0.824889668633
SXS:BBH:1497,0.5000008486408098,0.49999915135919015,1.000003394569001,0.2499999999992798,1.6972939357392863e-06,0.68240516816,0.66767691932,0.675041056238993,0.007365270154756076,0.9217076225798672,0.877058248272
SXS:BBH:1498,0.5078985811889628,0.4921014188110372,1.0321014363585723,0.24993761241520135,0.015797162377927377,0.223241389806,-0.783742792673,-0.27229695511218827,0.4990649254024275,0.9577358778633639,0.60398387645
SXS:BBH:1499,0.5000169085857274,0.4999830914142724,1.0000676366301897,0.24999999971409967,3.381717499657533e-05,-0.754550131217,0.342871950237,-0.2058576463453435,-0.5487180016228151,0.9564126201896187,0.621525080416
SXS:BBH:1500,0.5000178764962016,0.49998212350379845,1.0000715085414504,0.24999999968043088,3.5752992667215204e-05,-0.768582826408,-0.199710812945,-0.48415698911488786,-0.28445331642906585,0.9618586021524032,0.532363074056
SXS:BBH:1501,0.5000142632375466,0.4999857367624535,1.0000570545777523,0.24999999979656012,2.8526470237757883e-05,0.75268508647,0.0879806378364,0.42034234299064915,0.332364214931723,0.9364563733034933,0.808623704935
SXS:BBH:1502,0.5,0.5,1.0,0.25,0.0,-0.419839603751,0.696569287598,0.1383648419235,-0.5582044456745,0.9472505082273892,0.72683247019
SXS:BBH:1503,0.5,0.5,1.0,0.25,0.0,0.135561751554,0.726632988625,0.4310973700895,-0.29553561853550003,0.9359831696169988,0.811762032187
SXS:BBH:1504,0.6645336183346406,0.3354663816653593,1.980924631063445,0.2229286884377108,0.32906723666928134,0.245785322589,0.0787364543979,0.18974604321563812,0.13691917629159198,0.9555454356042338,0.70643200705
SXS:BBH:1505,0.5700092077755734,0.4299907922244266,1.325631195093281,0.2450987108266366,0.14001841555114686,-0.0949460823579,0.55447978185,0.1843010594838878,-0.2925413418563297,0.9491055928030646,0.713217054464
SXS:BBH:1506,0.5000004408271226,0.4999995591728775,1.0000017633100449,0.2499999999998057,8.815645848363066e-07,0.458944178229,-0.319599941895,0.06967246137036429,0.3892721214887188,0.9495221709337459,0.707003965047
SXS:BBH:1507,0.5000019931324112,0.4999980068675889,1.0000079725614255,0.24999999999602748,3.986234694539141e-06,0.506666394986,0.288020992324,0.3973441294442387,0.10932428524818841,0.9376889028709998,0.802931145031
SXS:BBH:1508,0.5612284395572492,0.4387715604427508,1.2790902833149236,0.2462510781893843,0.12245687911449812,0.292827487717,-0.0740730406375,0.1318419703636263,0.19684425761813665,0.9485969966972125,0.728797080247
SXS:BBH:1509,0.5000003169864529,0.49999968301354714,1.0000012679466153,0.24999999999989952,6.339564140493467e-07,-0.244009450608,-0.101750454105,-0.17287999745067467,-0.07112960785270574,0.9558761258217578,0.63275402428
SXS:BBH:1510,0.639792552344688,0.360207447655312,1.776178023273176,0.23045804230895767,0.279585104689376,0.0332284492026,0.288764149284,0.1252743115137344,-0.08275568286215987,0.9559655883290429,0.671946431663
SXS:BBH:1511,0.5945248524086626,0.4054751475913374,1.4662423971983136,0.24106505227712058,0.18904970481732492,0.0277508017529,-0.100836195709,-0.02438803002129083,0.05738511265402069,0.95524765511145,0.663658051994
SXS:BBH:1512,0.705493209706898,0.294506790293102,2.395507448248545,0.20777254076435686,0.4109864194137959,0.239308345705,-0.000472719594595,0.16869119379055558,0.16896963205158122,0.9610005811130241,0.677529898289
SXS:BBH:1513,0.5343187585125394,0.46568124148746065,1.1473916295314786,0.24882222281415806,0.0686375170250773,-0.10523681485,-0.00913355549311,-0.06048332972169205,-0.05197667879923989,0.9536924542783978,0.66356434223
SXS:BBH:1906,0.7999817988846967,0.20001820111530344,3.9995450135237207,0.16001092033790149,0.599963597769393,5.76650456278e-05,-8.54444481812e-05,2.9040542113602167e-05,6.322143175458893e-05,0.977941234648708,0.471757551414
SXS:BBH:1932,0.7999373000802525,0.2000626999197474,3.998432993262298,0.16003761602056849,0.5998746001605053,-0.800053029362,0.799454530606,-0.48005122837275455,-0.799933292084976,0.9839160854085084,0.0574997223323
SXS:BBH:1936,0.7999578539553863,0.20004214604461368,3.998946570874013,0.16002528585047912,0.5999157079107726,-0.800149097273,-0.799330716402,-0.7999853866072834,-0.48018572279041416,0.9851645565742374,0.0216594359161
SXS:BBH:1938,0.7999721817950325,0.20002781820496746,3.999304641593927,0.16001669014912795,0.5999443635900651,0.399937402063,0.799502293249,0.47986149547824075,0.16001609674130965,0.9692250051876901,0.692699960491
SXS:BBH:1942,0.7999583079995503,0.20004169200044972,3.998957917221335,0.16002501346204695,0.5999166159991005,0.400044108074,-0.799375777034,0.16011012483801065,0.4799270908021218,0.9727597963376031,0.664783574664
SXS:BBH:1962,0.7999481186514266,0.20005188134857343,3.998703302657698,0.16003112611746975,0.599896237302853,-0.400122375595,0.799573508649,-0.16012095690584743,-0.48003332626927203,0.9810990258248459,0.274613384321
SXS:BBH:2014,0.7999972034633825,0.20000279653661737,3.9999300875621286,0.1600016779141498,0.5999944069267653,0.800139680142,0.399955771933,0.7201017793712469,0.5601172336161239,0.954620827953646,0.881766585395
SXS:BBH:2018,0.7999818445684528,0.2000181554315473,3.9995461554100395,0.1600108929293087,0.5999636891369053,-0.800104103114,0.399994744543,-0.5600625452701214,-0.7200749672417291,0.984230212267966,0.0485368759483
SXS:BBH:2040,0.8000069999660375,0.19999300003396248,4.000175005276093,0.15999579997137797,0.600013999932075,-0.799993364421,-0.399948502501,-0.7199871923374469,-0.5600133905889154,0.984869593113386,0.0306811242053
SXS:BBH:2083,0.5000319588872582,0.49996804111274196,1.0001278437205186,0.2499999989786296,6.391777233035888e-05,-0.89969091504,-0.499967916089,-0.699842190266758,-0.1999062310142839,0.9651584259430567,0.460663606096
SXS:BBH:2084,0.5000370320956342,0.49996296790436573,1.0001481393543585,0.24999999862862388,7.406419171964354e-05,-0.899655944881,8.13851291628e-06,-0.4498572196304168,-0.4498653575405607,0.9612159500128208,0.543352546042
SXS:BBH:2085,0.5000009108982073,0.4999990891017928,1.0000036435994668,0.24999999999917033,1.8217240914061378e-06,-0.899630844556,0.899744041859,5.495960414181322e-05,-0.8996874431043889,0.9509565362394683,0.683526559245
SXS:BBH:2086,0.5000000151540694,0.49999998484593067,1.0000000606162793,0.24999999999999983,2.5809568279517847e-08,-0.799883141338,-0.799883405991,-0.7998832736644961,1.0808352679525512e-07,0.9665077117355853,0.426851614271
SXS:BBH:2087,0.500001620296957,0.499998379703043,1.000006481208831,0.24999999999737463,3.2406000320352544e-06,-0.799757681307,0.79991875486,7.794482563822092e-05,-0.799838217822513,0.9510965291580443,0.684156602775
SXS:BBH:2088,0.500005214139507,0.49999478586049306,1.0000208567755282,0.2499999999728128,1.0428268684335298e-05,-0.62496553542,-0.250014578029,-0.4374920117711002,-0.18748004096387738,0.9610900751589583,0.547766517254
SXS:BBH:2089,0.5000000032854658,0.4999999967145343,1.000000013141863,0.25,0.0,-0.599971830692,-0.599971790623,-0.5999718106575003,-2.397687365318646e-08,0.963737171792619,0.494212181744
SXS:BBH:2091,0.5000011120441621,0.4999988879558381,1.000004448186541,0.24999999999876343,2.224020148134903e-06,-0.59991105657,0.599991817414,3.904607701399332e-05,-0.5999514369021904,0.9513297172433585,0.685164922524
SXS:BBH:2092,0.5,0.5,1.0,0.25,0.0,-0.500000743441,0.499968015976,-1.6363732499996564e-05,-0.49998437970849996,0.9514204532349593,0.685544879445
SXS:BBH:2093,0.5,0.5,1.0,0.25,0.0,-0.499971005341,0.899740802191,0.19988489842500004,-0.699855903766,0.944981234575696,0.744047684998
SXS:BBH:2094,0.5,0.5,1.0,0.25,0.0,-0.399974420371,-0.799829092286,-0.5999017563285,0.19992733595749998,0.9637169942001582,0.494155014666
SXS:BBH:2095,0.5,0.5,1.0,0.25,0.0,-0.39995737464,0.79989807354,0.19997034945,-0.59992772409,0.9451215673360759,0.74468028942
SXS:BBH:2096,0.5000003180565783,0.49999968194342176,1.0000012722271223,0.24999999999989886,6.360544553522183e-07,-0.300027884029,-3.18073325862e-05,-0.15002994109651877,-0.14999813378416563,0.9553468713427102,0.639893797648
SXS:BBH:2097,0.5000003968641109,0.49999960313588904,1.0000015874577037,0.24999999999984246,7.938278080145838e-07,0.299950734213,-4.6633364341e-05,0.14995216948251805,0.14999880280984484,0.9471595317993432,0.731546232306
SXS:BBH:2098,0.5,0.5,1.0,0.25,0.0,0.399960578741,-0.79985841418,-0.19994891771950002,0.5999094964605001,0.9562515823108322,0.623228449091
SXS:BBH:2099,0.5,0.5,1.0,0.25,0.0,0.400041208769,0.799924552819,0.599982880794,-0.199941672025,0.9267308011154387,0.857398939455
SXS:BBH:2100,0.5,0.5,1.0,0.25,0.0,0.499980906682,-0.89964786202,-0.199833477669,0.6998143843510001,0.9561641448671384,0.622872913502
SXS:BBH:2102,0.5,0.5,1.0,0.25,0.0,0.600020363324,0.600020397894,0.600020380609,-1.728499998687738e-08,0.9268332688239371,0.857820933708
SXS:BBH:2103,0.5000067801895025,0.49999321981049755,1.0000271211257827,0.24999999995402908,1.3560371899609098e-05,0.649960888856,0.250012833718,0.44998957301060505,0.19998012956138636,0.9351503035322623,0.817304669563
SXS:BBH:2104,0.5000000041947373,0.49999999580526283,1.0000000167789491,0.25,0.0,0.799846238327,0.799846240079,0.7998462392030001,5.8342896624985485e-09,0.9111912240433343,0.907517759356
SXS:BBH:2105,0.500040227514369,0.499959772485631,1.000160923004541,0.2499999983817471,8.045502825302647e-05,0.89973612622,7.73033751787e-06,0.44990812211573256,0.44990039240015917,0.9348653764025828,0.816060598816
SXS:BBH:2106,0.5000286304208149,0.4999713695791851,1.0001145282412431,0.24999999918029897,5.726084279070372e-05,0.899797939478,0.50004102527,0.6999309275826775,0.1999185350826338,0.9196953752475246,0.88278844752
SXS:BBH:2107,0.6666433116762608,0.3333566883237391,1.9997898198126165,0.22223000667356854,0.33328662335252196,-0.871221610864,0.849674936374,-0.29754923692898316,-0.8640388828116239,0.9692521414532456,0.389898181684
SXS:BBH:2108,0.666644266387859,0.3333557336121409,1.9997984110376785,0.22222968848005223,0.33328853277571835,-0.849880769496,-0.849634791056,-0.8497987711726809,-0.28333751302293914,0.9740101527770447,0.285378467473
SXS:BBH:2109,0.6666518766900746,0.3333481233099254,1.9998668961164816,0.2222271519956762,0.33330375338014906,-0.600002665895,-0.599904377718,-0.5999699017156535,-0.20001590476024564,0.971271552512179,0.38772443344
SXS:BBH:2110,0.6666784141247077,0.33332158587529226,2.000105730848576,0.22221830626487243,0.3333568282494154,-0.59993249696,-2.02921795026e-05,-0.39996880947662145,-0.39995528183371615,0.9694028937957357,0.426840412988
SXS:BBH:2111,0.6666635683202653,0.33333643167973465,1.999972115141579,0.22222325499475623,0.33332713664053076,-0.599956961112,0.599916658061,-0.1999953704302233,-0.5999435266367938,0.9672156650519655,0.464584619346
SXS:BBH:2112,0.6666648922909227,0.3333351077090773,1.999984030703311,0.22222281367765515,0.3333297845818453,-0.500013627149,-0.499985127557,-0.5000041272344311,-0.16667893454013233,0.9699946122293344,0.428047394312
SXS:BBH:2113,0.6666120079932736,0.33338799200672636,1.9995081525906433,0.2222404387924493,0.33322401598654733,-0.37139537059,0.849721809296,0.03571043401711005,-0.5308636615139218,0.9630163875580118,0.554293620873
SXS:BBH:2114,0.6666576758243926,0.3333423241756074,1.999919084602026,0.22222521908881168,0.3333153516487851,-0.30005110733,-0.300004178668,-0.3000354640207385,-0.10002728366156789,0.9670353275588266,0.507542812012
SXS:BBH:2116,0.666658337483138,0.33334166251686204,1.9999250392213281,0.22222499854735647,0.33331667496627604,-0.30005038766,0.300029158965,-0.10001887394565767,-0.3000433112515156,0.9645669701868649,0.544658082609
SXS:BBH:2117,0.6666267917973498,0.3333732082026502,1.999641169101154,0.22223551225532262,0.33325358359469975,-0.128687213665,-0.849603774745,-0.36902148047866146,0.19744879169698337,0.966900710290468,0.529211169427
SXS:BBH:2118,0.6666570417640142,0.33334295823598575,1.9999133783773022,0.22222543043046764,0.3333140835280283,6.86286135106e-05,-0.599968315015,-0.19994946122649657,0.20004096472342323,0.9640884218821543,0.587057040485
SXS:BBH:2120,0.6666633564026349,0.33333664359736515,1.9999702079195727,0.22222332563260835,0.33332671280526943,3.19079256889e-05,0.299940096426,0.1000022968677485,-0.09995975317807729,0.9596193904321437,0.641015593736
SXS:BBH:2121,0.666647889508616,0.3333521104913839,1.9998310150967133,0.22222848092232406,0.33329577901723234,0.000145817738971,0.599803964671,0.20004312659211523,-0.1998487084162394,0.9578328758831122,0.658135628337
SXS:BBH:2122,0.6666212232476725,0.3333787767523274,1.9995910649792694,0.22223736796344923,0.3332424464953453,0.128627664472,0.849634892127,0.36899617205721075,-0.19750430998957907,0.9531455008598534,0.711578213823
SXS:BBH:2123,0.6666582374793311,0.33334176252066894,1.9999241392323133,0.22222503188028292,0.33331647495866196,0.300059917345,-0.300051281524,0.10001779260561584,0.30005703866520705,0.9569659047170821,0.700594537921
SXS:BBH:2125,0.6666730742950296,0.3333269257049704,2.0000576697638457,0.22222008630504356,0.3333461485900591,0.29985095146,0.300046681888,0.2999161936818322,0.09988891759842364,0.9528873227248603,0.734319137726
SXS:BBH:2126,0.666619083922526,0.33338091607747405,1.9995718164251823,0.2222380808728183,0.33323816784505167,0.37147155462,-0.849595124588,-0.03560877348604222,0.5308688283741642,0.958621836332526,0.690609545225
SXS:BBH:2127,0.6666571808569671,0.33334281914303293,1.9999146301421105,0.22222538406880818,0.3333143617139341,0.500050226443,0.499945709823,0.500015386578242,0.16670876191651487,0.9448276778477166,0.804772097363
SXS:BBH:2128,0.6666475856356675,0.33335241436433244,1.9998282805507601,0.2222285822018028,0.3332951712713354,0.60007319103,-0.599851141794,0.20007551762860878,0.5999991703810716,0.9512103106607311,0.775529581479
SXS:BBH:2129,0.6666663947443999,0.3333336052556,1.999997552701596,0.22222231286290384,0.3333327894888,0.600006882204,-7.85539534308e-05,0.3999782403082644,0.4000306096532727,0.9460693971393056,0.8081987363
SXS:BBH:2130,0.6666609032914261,0.33333909670857387,1.9999481305196651,0.22222414331408588,0.33332180658285243,0.600006121693,0.599798108242,0.5999367826771405,0.20006446345934106,0.9395878536332588,0.838577660147
SXS:BBH:2131,0.6666504037037562,0.33334959629624394,1.9998536404745233,0.22222764294537517,0.3333008074075119,0.849873592271,0.849822440966,0.8498565410041283,0.28328060576511893,0.9197625784731666,0.91756171872
SXS:BBH:2132,0.6666504020444014,0.33334959795559854,1.999853625541789,0.22222764349843935,0.33330080408880297,0.87126253279,-0.849644969994,0.2975987086181805,0.8640563269231735,0.943659023828316,0.841637797061
SXS:BBH:2133,0.749949957617964,0.25005004238203604,2.9991994821267087,0.187525018686778,0.49989991523592797,-0.731394180144,0.849530971991,-0.33608377884981655,-0.7609342899522202,0.9777941877822195,0.239693884114
SXS:BBH:2134,0.7500032884802538,0.24999671151974615,3.000052616376173,0.18749835574905893,0.5000065769605079,-0.600053487394,-6.68161762669e-05,-0.45005879263388754,-0.45002538498520145,0.9780543120229873,0.270556088269
SXS:BBH:2135,0.7499757976465177,0.25002420235348227,2.9996127998289053,0.18751210059098722,0.49995159529303546,-0.600007504898,0.599874699581,-0.3000079138050001,-0.5999743003545488,0.9770795600304846,0.291161660323
SXS:BBH:2136,0.7499911847237135,0.25000881527628643,2.999858960552624,0.18750440756043413,0.49998236944742713,-0.599952482296,-0.599915398847,-0.5999432111068491,-0.29997493484337046,0.9789188375239476,0.24954735907
SXS:BBH:2137,0.7500062291746792,0.24999377082532076,3.000099669278297,0.18749688537385772,0.5000124583493586,-0.599968944129,-0.399980474136,-0.5499730723938634,-0.3499878184223468,0.9786506027777532,0.256595429842
SXS:BBH:2138,0.7499994480632032,0.25000055193679677,2.999991169030748,0.18750027596809377,0.4999988961264064,-0.600097982423,0.39993558169,-0.350089039439428,-0.5500572717627557,0.9774195565509023,0.284292044366
SXS:BBH:2140,0.7499965345431466,0.2500034654568534,2.9999445534589357,0.18750173271641732,0.49999306908629315,-0.39996579895,-0.599851017208,-0.4499377962080996,-0.15000813008846228,0.9772387794221229,0.341259078869
SXS:BBH:2141,0.7499803906921303,0.25001960930786965,2.999686275681752,0.18750980426940989,0.49996078138426064,-0.400131353646,0.599860236395,-0.15011384699279381,-0.45006749087840225,0.97511817577923,0.381658404505
SXS:BBH:2142,0.7499830323732743,0.25001696762672565,2.9997285363967623,0.18750848352546245,0.49996606474654876,-0.299988451426,-0.299928774587,-0.29997353120367565,-0.14999896575119273,0.9757100001611202,0.396914613431
SXS:BBH:2143,0.7500042894145729,0.2499957105854272,3.000068631810726,0.1874978552743145,0.5000085788291456,-0.300108249055,-6.64164556496e-05,-0.22509907790897163,-0.22506587025092226,0.9751723734055874,0.406864552212
SXS:BBH:2144,0.7500048022497714,0.2499951977502287,3.0000768374723124,0.18749759885205278,0.5000096044995425,-0.299890927331,0.300029786693,-0.1499136297941117,-0.29992564150466267,0.9745943736299849,0.416858332581
SXS:BBH:2145,0.7499537844436736,0.2500462155563264,2.9992606877696817,0.18752310564228555,0.4999075688873472,-0.268707748195,-0.849465936656,-0.4139241353730208,0.010887350036664967,0.9763351433737238,0.392385493204
SXS:BBH:2146,0.7499435902422532,0.2500564097577468,2.999097647481999,0.1875282016968126,0.4998871804845065,-0.231199993194,0.849563739591,0.039051905622597916,-0.38582581154238366,0.9725138220143547,0.465138029667
SXS:BBH:2151,0.7499386043796012,0.25006139562039875,2.9990179112574107,0.18753069404077716,0.49987720875920255,0.231380430006,-0.849251403379,-0.03884387440208331,0.3858861079209866,0.9695621129248779,0.615242180951
SXS:BBH:2152,0.7499616122426602,0.2500383877573398,2.999385890179759,0.18751919240504997,0.4999232244853205,0.268691413956,0.84965466092,0.41395452757314777,-0.010938035560744241,0.9633964096454144,0.681799890966
SXS:BBH:2153,0.7499936940636246,0.2500063059363754,2.9998991075628783,0.1875031529284229,0.4999873881272491,0.29994743038,-0.300056506985,0.14994266245209598,0.2999747002190801,0.9666939887651808,0.661903246063
SXS:BBH:2155,0.7500075979504877,0.2499924020495123,3.0001215709025617,0.18749620096702732,0.5000151959009753,0.300023009161,0.300047185724,0.30002905311805766,0.15001001974337985,0.964681805986874,0.679580359949
SXS:BBH:2156,0.7499733247963928,0.25002667520360716,2.9995732422776817,0.1875133368902371,0.4999466495927856,0.400118332157,-0.599804507799,0.15011094902265268,0.45004520273689275,0.9653612715090438,0.695775369103
SXS:BBH:2157,0.7499901427286376,0.25000985727136243,2.9998422898765673,0.18750492853851541,0.49998028545727513,0.399942401104,0.599913438696,0.4499371316707822,0.14996858530366378,0.9608879700000506,0.730026898475
SXS:BBH:2158,0.7500065118813379,0.249993488118662,3.0001041928153724,0.18749674401692637,0.5000130237626761,0.499969403661,0.500047107483,0.4999888291105019,0.24997178786385657,0.9581662798561239,0.768768397369
SXS:BBH:2159,0.7499939712687699,0.2500060287312301,2.99990354262638,0.18750301432926947,0.4999879425375397,0.600059311023,-0.599733017627,0.30010399563501866,0.5999777357068649,0.9597531582237966,0.779858222515
SXS:BBH:2160,0.7500043815496844,0.2499956184503155,3.0000701060236437,0.18749780920595974,0.5000087630993691,0.60004388238,-0.399866174103,0.3500707494148424,0.5500003323993244,0.9588840196408916,0.78548436174
SXS:BBH:2162,0.7500045827645083,0.24999541723549173,3.0000733255762677,0.1874977085967441,0.5000091655290166,0.600049507071,0.400090240243,0.5500606067302312,0.3500191536474373,0.9549152502595053,0.806963894335
SXS:BBH:2163,0.7500036741749118,0.24999632582508818,3.0000587876625735,0.18749816289904456,0.5000073483498235,0.599908166244,0.600011034004,0.5999338828060459,0.2999327748950217,0.9537950487486498,0.811977392708
SXS:BBH:2265,0.7500061829279568,0.24999381707204316,3.0000989292940003,0.187496908497793,0.5000123658559137,2.23669198562e-06,5.41264062416e-06,3.0306595085933734e-06,3.244061284474441e-07,0.9711145413769134,0.540609034811
